Layers,Complexity,MSE Train,MSE Future,MSE Past,MSE Train and Test
"(7, 1, 1)",10,0.38430026173591614,0.20700596272945404,0.04836868867278099,0.3886166214942932
"(7, 2, 1)",19,0.3615873157978058,0.15743768215179446,0.1180095672607422,0.4091867506504059
"(7, 2, 1, 1)",21,0.31568339467048645,0.6223257780075073,0.06753580272197722,0.4885838925838471
"(7, 2, 1, 1, 1)",23,0.3030645847320557,0.2230837494134903,0.07109591364860535,0.4622817933559418
"(7, 2, 2, 1)",25,0.3031772971153259,0.3013375699520111,0.1231190338730812,0.3683243989944458
"(7, 2, 1, 1, 1, 1)",25,0.6663081645965576,0.4943967759609222,0.16145068407058716,0.6686168313026428
"(7, 2, 1, 2, 1)",26,0.30328404903411865,0.2337712347507477,0.04417954757809639,0.3731050789356232
"(7, 2, 2, 1, 1)",27,0.32418033480644226,0.6591786742210388,0.06865447759628296,0.3981216251850128
"(7, 2, 1, 1, 1, 1, 1)",27,0.29453229904174805,0.1757178008556366,0.036176111549139016,0.3772678971290589
"(7, 2, 1, 1, 2, 1)",28,0.32714447379112244,0.18980731070041654,0.03449349105358124,0.4387085735797882
"(7, 2, 1, 2, 1, 1)",28,0.29100096225738525,0.5283204317092896,0.0680142268538475,0.4336851239204407
"(7, 3, 1)",28,0.30777069926261896,0.3473591506481171,0.06479905545711517,0.3758471608161926
"(7, 2, 2, 1, 1, 1)",29,0.3037574887275696,0.3587801158428192,0.1018962264060974,0.3575765788555145
"(7, 2, 1, 3, 1)",29,0.3091636300086975,0.18780110776424408,0.06737509369850159,0.3963217437267304
"(7, 2, 3, 1)",29,0.3316113948822021,0.25138670206069946,0.13150915503501892,0.473750650882721
"(7, 2, 1, 2, 1, 1, 1)",30,0.30576011538505554,0.2093526273965836,0.036616794764995575,0.41485396027565
"(7, 3, 1, 1)",30,0.3258220851421356,0.25965458154678345,0.033295001834630966,0.4253091216087341
"(7, 2, 1, 1, 1, 2, 1)",30,0.33252817392349243,0.17806382477283478,0.0587168037891388,0.3653106987476349
"(7, 2, 1, 1, 2, 1, 1)",30,0.30530479550361633,0.2057887464761734,0.13542097806930542,0.379328191280365
"(7, 2, 1, 3, 1, 1)",31,0.3094835877418518,0.2565629184246063,0.06898726522922516,0.3873087167739868
"(7, 2, 2, 2, 1)",31,0.29556071758270264,0.41227787733078,0.06294069439172745,0.42951846122741705
"(7, 2, 2, 1, 1, 1, 1)",31,0.3157944977283478,0.13830804824829102,0.08485691249370575,0.3415157794952393
"(7, 2, 3, 1, 1)",31,0.3181458115577698,0.2549823820590973,0.0617046169936657,0.35771581530570984
"(7, 2, 1, 1, 3, 1)",31,0.3446448445320129,0.2094913274049759,0.043769702315330505,0.3622443675994873
"(7, 3, 1, 1, 1)",32,0.29699841141700745,0.3195240795612335,0.16003809869289398,0.3560046851634979
"(7, 2, 1, 2, 2, 1)",32,0.3087157607078552,0.298691600561142,0.0516277514398098,0.3573288321495056
"(7, 2, 1, 4, 1)",32,0.3409170210361481,0.21280677616596225,0.08361830562353134,0.4026175737380981
"(7, 2, 2, 1, 2, 1)",32,0.3011901080608368,0.4395401179790497,0.08732693642377852,0.35608020424842834
"(7, 2, 4, 1)",33,0.3088991045951843,0.2918846309185028,0.042204633355140686,0.4112549722194672
"(7, 2, 1, 1, 3, 1, 1)",33,0.3497146368026733,0.2556470036506653,0.04624972492456436,0.4300778210163117
"(7, 2, 1, 1, 1, 3, 1)",33,0.3078009784221649,0.1327289193868637,0.05506548658013344,0.3653075098991394
"(7, 2, 2, 2, 1, 1)",33,0.31242188811302185,0.7512181401252747,0.03048252686858177,0.4236286878585816
"(7, 2, 3, 1, 1, 1)",33,0.3075198829174042,1.0620032548904421,0.05140995979309082,0.3823215365409851
"(7, 2, 1, 2, 1, 2, 1)",33,0.30393606424331665,0.2746179699897766,0.101584330201149,0.3745775818824768
"(7, 2, 1, 3, 1, 1, 1)",33,0.3115781843662262,0.15488895773887634,0.052839908748865135,0.35508328676223755
"(7, 2, 1, 1, 4, 1)",34,0.3479078412055969,0.3505856096744537,0.04380280151963234,0.4505983591079712
"(7, 3, 1, 1, 1, 1)",34,0.3072264194488525,0.3572548925876617,0.0941360518336296,0.3795846998691559
"(7, 2, 1, 4, 1, 1)",34,0.3483497798442841,1.7950127124786377,0.031370971351861954,0.4970947802066803
"(7, 2, 2, 1, 1, 2, 1)",34,0.3134763836860657,0.22589051723480225,0.09391426295042038,0.3997654318809509
"(7, 2, 1, 2, 2, 1, 1)",34,0.6684350371360779,0.6616079807281494,0.16380590200424194,0.5994393825531006
"(7, 2, 1, 1, 2, 2, 1)",34,0.32352113723754883,0.1997097134590149,0.1676282435655594,0.3818827867507935
"(7, 2, 2, 1, 2, 1, 1)",34,0.31465691328048706,0.19653666019439686,0.061440017074346535,0.352084219455719
"(7, 3, 2, 1)",35,0.3106595277786255,0.3097744286060333,0.07455766201019287,0.3866925239562988
"(7, 2, 2, 1, 3, 1)",35,0.3288167715072632,0.1385539025068283,0.042815331369638436,0.4174538850784302
"(7, 2, 2, 3, 1)",35,0.3151377439498901,0.5510759949684143,0.05521159619092941,0.3973608911037445
"(7, 2, 1, 5, 1)",35,0.3121244013309479,0.32766133546829224,0.05382385477423668,0.36651259660720825
"(7, 2, 3, 1, 1, 1, 1)",35,0.2953597903251648,0.2845452129840851,0.05917070060968399,0.34669655561447144
"(7, 3, 1, 2, 1)",35,0.31695058941841125,0.17548558115959167,0.06040870398283005,0.3700868785381317
"(7, 2, 4, 1, 1)",35,0.29978933930397034,0.27672696113586426,0.055739805102348335,0.3567172288894653
"(7, 2, 2, 2, 1, 1, 1)",35,0.2975361943244934,0.4582938551902771,0.050230015069246285,0.3488833606243133
"(7, 2, 1, 1, 1, 4, 1)",36,0.6853628158569336,0.6892158389091492,0.4153718650341034,0.9039514660835266
"(7, 2, 1, 4, 1, 1, 1)",36,0.2988576591014862,0.20947416126728047,0.07235730439424515,0.37319257855415344
"(7, 2, 1, 1, 4, 1, 1)",36,0.3493804931640625,0.263126403093338,0.033713828772306435,0.3829672038555145
"(7, 2, 1, 3, 1, 2, 1)",36,0.3331549167633057,0.26710352301597595,0.1130351424217224,0.44706255197525024
"(7, 2, 1, 3, 2, 1)",36,0.343756765127182,0.4933613538742066,0.07179214060306549,0.4662966132164002
"(7, 2, 1, 2, 1, 3, 1)",36,0.30953887104988104,0.20102959871292114,0.04580307751893997,0.3529033660888672
"(7, 2, 1, 2, 3, 1)",36,0.3097376525402069,0.8911560177803041,0.09597613662481308,0.4163647592067719
"(7, 2, 3, 1, 2, 1)",36,0.29832524061203003,0.201575368642807,0.05204115435481072,0.35134780406951904
"(7, 2, 3, 2, 1)",36,0.30767133831977844,1.3529702425003052,0.040956977754831314,0.457001805305481
"(7, 3, 1, 1, 1, 1, 1)",36,0.3041625916957855,0.18019403517246246,0.06832315027713776,0.3762169480323792
"(7, 2, 2, 3, 1, 1)",37,0.32891571521759033,0.9181659817695618,0.10395696759223938,0.5254886746406555
"(7, 2, 2, 1, 3, 1, 1)",37,0.31180864572525024,0.2204657644033432,0.15021060407161713,0.4095042049884796
"(7, 2, 1, 5, 1, 1)",37,0.3006168603897095,0.2634425163269043,0.062490493059158325,0.35264578461647034
"(7, 3, 2, 1, 1)",37,0.3018887042999268,0.7164399027824402,0.07771403342485428,0.4811835587024689
"(7, 3, 1, 1, 2, 1)",37,0.318010538816452,0.3237169682979584,0.04204507917165756,0.4289061427116394
"(7, 2, 5, 1)",37,0.31927189230918884,0.2086467742919922,0.03682317584753037,0.3727747201919556
"(7, 2, 4, 1, 1, 1)",37,0.30901864171028137,0.6367994546890259,0.09195602685213088,0.3944492042064667
"(7, 2, 2, 1, 1, 3, 1)",37,0.3074517250061035,0.4174221754074097,0.07546226680278778,0.4100973904132843
"(7, 4, 1)",37,0.3130527138710022,0.1848251521587372,0.09682774543762207,0.385699063539505
"(7, 3, 1, 2, 1, 1)",37,0.2965640723705292,0.2967660129070282,0.08829234540462494,0.350836843252182
"(7, 2, 2, 2, 2, 1)",37,0.29794377088546753,0.2624509036540985,0.04830659180879593,0.3971743285655975
"(7, 2, 1, 1, 5, 1)",37,0.30770909786224365,0.17130108177661896,0.04660032317042352,0.43667033314704895
"(7, 2, 3, 1, 1, 2, 1)",38,0.2951078414916992,0.5913130640983582,0.04015189781785011,0.3496236503124237
"(7, 2, 1, 2, 2, 2, 1)",38,0.2921929359436035,0.23276394605636605,0.03602035343647003,0.399330884218216
"(7, 2, 1, 1, 3, 2, 1)",38,0.3049012720584869,0.3683280646800995,0.10612042248249054,0.384486585855484
"(7, 3, 1, 3, 1)",38,0.33403080701828003,0.2899080216884613,0.044592738151550286,0.4190304577350617
"(7, 2, 3, 1, 2, 1, 1)",38,0.30837878584861755,0.5814075469970703,0.04862577840685845,0.43783098459243774
"(7, 2, 1, 3, 2, 1, 1)",38,0.31096306443214417,0.180864155292511,0.05608122795820236,0.3575471043586731
"(7, 2, 2, 2, 1, 2, 1)",38,0.3213946521282196,0.6848233938217163,0.05909721925854682,0.4069841802120209
"(7, 2, 1, 6, 1)",38,0.3217663466930389,1.3635574579238892,0.07940834015607834,0.6093180179595947
"(7, 2, 1, 1, 2, 3, 1)",38,0.2964594662189484,0.20157526433467865,0.07370119541883469,0.35038143396377563
"(7, 2, 2, 1, 4, 1)",38,0.33093202114105225,0.3298386037349701,0.1723470389842987,0.4084557890892029
"(7, 2, 1, 2, 3, 1, 1)",38,0.30063873529434204,0.3225511014461517,0.0932304635643959,0.4522848725318909
"(7, 2, 3, 2, 1, 1)",38,0.2980698049068451,0.21083323657512665,0.08590973168611526,0.497186541557312
"(7, 2, 2, 1, 2, 2, 1)",38,0.3088779151439667,0.2266875654459,0.09621980041265488,0.3604998290538788
"(7, 2, 2, 4, 1)",39,0.3296104967594147,0.3474375009536743,0.037959452718496316,0.3817930519580841
"(7, 2, 1, 5, 1, 1, 1)",39,0.33074745535850525,0.3468092978000641,0.14547954499721527,0.4122627377510071
"(7, 3, 1, 1, 2, 1, 1)",39,0.3001908957958221,0.20078225433826447,0.05965418368577957,0.35354098677635193
"(7, 2, 1, 1, 5, 1, 1)",39,0.286004900932312,0.6194994449615479,0.059594333171844475,0.3987053334712982
"(7, 2, 1, 4, 1, 2, 1)",39,0.3272013962268829,0.19850999116897586,0.03523620590567589,0.39674922823905945
"(7, 2, 5, 1, 1)",39,0.31489259004592896,0.730155348777771,0.0849713608622551,0.3824795484542847
"(7, 2, 1, 1, 1, 5, 1)",39,0.6564752459526062,0.6169358491897583,0.4551952183246613,0.8885014057159424
"(7, 3, 1, 2, 1, 1, 1)",39,0.3036096692085266,0.15207801759243011,0.09155616164207456,0.3628169894218445
"(7, 2, 1, 3, 1, 3, 1)",39,0.3070448338985443,0.1929597109556198,0.1506243348121643,0.375487744808197
"(7, 4, 1, 1)",39,0.3058099150657654,0.3486841320991516,0.05989508330821991,0.4135462939739227
"(7, 2, 2, 3, 1, 1, 1)",39,0.3039131164550781,0.2447813302278519,0.07126399874687195,0.3415401875972748
"(7, 2, 2, 2, 2, 1, 1)",39,0.3455568253993988,0.4480694532394409,0.4096258282661438,1.0339672565460205
"(7, 2, 4, 1, 1, 1, 1)",39,0.3104836344718933,0.25334814190864563,0.0343794971704483,0.37465861439704895
"(7, 3, 1, 1, 1, 2, 1)",39,0.30473098158836365,0.4679872095584869,0.03936180472373962,0.3987846374511719
"(7, 3, 2, 1, 1, 1)",39,0.3106677532196045,0.7692950963973999,0.08325338363647461,0.43411847949028015
"(7, 2, 1, 2, 1, 4, 1)",39,0.30897560715675354,0.1585708111524582,0.04687559977173805,0.3642003536224365
"(7, 2, 3, 1, 3, 1)",39,0.30346792936325073,0.15425129234790802,0.08612502366304398,0.3535309731960297
"(7, 2, 1, 1, 6, 1)",40,0.30663883686065674,0.2551301419734955,0.10156922787427902,0.3570601940155029
"(7, 2, 1, 2, 4, 1)",40,0.3079499304294586,0.2338603883981705,0.06114574521780014,0.35075151920318604
"(7, 2, 2, 1, 1, 4, 1)",40,0.2952528893947601,0.20301611721515656,0.0407087467610836,0.3645108640193939
"(7, 3, 1, 3, 1, 1)",40,0.29327040910720825,0.23225902020931244,0.03971164673566818,0.3800439834594727
"(7, 2, 2, 1, 4, 1, 1)",40,0.3159877359867096,0.17685988545417786,0.029909029603004456,0.4454798102378845
"(7, 2, 3, 2, 1, 1, 1)",40,0.3237866163253784,0.2714346051216125,0.12732459604740146,0.3592514395713806
"(7, 3, 3, 1)",40,0.3081660866737366,0.2482971549034119,0.08247243613004683,0.3875790536403656
"(7, 2, 1, 4, 2, 1)",40,0.3018041253089905,0.1688084900379181,0.08260950446128845,0.39721837639808655
"(7, 2, 1, 6, 1, 1)",40,0.6697190999984741,0.7006876468658447,0.4449121654033661,0.7691344618797302
"(7, 3, 1, 1, 3, 1)",40,0.31439825892448425,0.2938268184661865,0.10760470479726793,0.396833598613739
"(7, 2, 4, 1, 2, 1)",40,0.3066680431365967,0.3293823301792145,0.044802092015743256,0.4050270617008209
"(7, 2, 3, 1, 1, 3, 1)",41,0.6605347990989685,0.33870983123779297,0.39995235204696655,0.8578867912292479
"(7, 2, 1, 7, 1)",41,0.3161067366600037,0.4405513405799866,0.054432496428489685,0.4249238669872284
"(7, 2, 4, 2, 1)",41,0.29821377992630005,0.20110657811164856,0.08098828792572021,0.3702042698860169
"(7, 2, 2, 2, 3, 1)",41,0.3018935024738312,0.1991669982671737,0.05307970568537712,0.3734238147735596
"(7, 2, 2, 4, 1, 1)",41,0.2962430715560913,0.26343995332717896,0.034497078508138664,0.39263099431991577
"(7, 2, 6, 1)",41,0.3124461770057678,0.35318154096603394,0.05107874423265457,0.3739262521266937
"(7, 2, 3, 3, 1)",41,0.320095032453537,0.6474843025207521,0.02811150811612606,0.43367230892181396
"(7, 4, 1, 1, 1)",41,0.2921498715877533,0.1760760098695755,0.06197388470172883,0.3943153917789459
"(7, 2, 2, 1, 5, 1)",41,0.32382655143737793,0.13376235961914062,0.03053793124854565,0.4199540317058563
"(7, 3, 2, 2, 1)",41,0.29773378372192383,0.2694516479969025,0.08801477402448654,0.3739802539348602
"(7, 2, 2, 2, 1, 3, 1)",41,0.30702096223831177,0.6075388193130493,0.057354442775249474,0.4345915019512177
"(7, 3, 2, 1, 1, 1, 1)",41,0.291743665933609,0.2682386040687561,0.06680252403020859,0.3604211807250977
"(7, 2, 5, 1, 1, 1)",41,0.293570339679718,0.5309290289878845,0.059159372001886375,0.3870810270309448
"(7, 2, 1, 3, 3, 1)",41,0.31914421916008,0.27346402406692505,0.08540060371160507,0.4167272746562958
"(7, 3, 1, 4, 1)",41,0.29684585332870483,0.20824825763702395,0.10638018697500227,0.3611715435981751
"(7, 2, 3, 1, 3, 1, 1)",41,0.3355114758014679,0.5032380223274231,0.161009281873703,0.5095817446708679
"(7, 3, 1, 2, 2, 1)",41,0.3129928410053253,0.9278223514556884,0.07701612263917923,0.3800337016582489
"(7, 2, 3, 1, 4, 1)",42,0.302421897649765,0.27623653411865234,0.06951256096363068,0.3599420189857483
"(7, 2, 1, 1, 4, 2, 1)",42,0.3233670294284821,0.4168219864368439,0.0900288075208664,0.3822038173675537
"(7, 2, 1, 1, 6, 1, 1)",42,0.31693512201309204,0.3085508346557617,0.10303400456905364,0.3930103778839111
"(7, 2, 4, 1, 2, 1, 1)",42,0.3136556446552277,0.2333027869462967,0.14601987600326538,0.3991791307926178
"(7, 3, 1, 2, 1, 2, 1)",42,0.28854623436927795,0.2329435646533966,0.07531525939702988,0.4065810441970825
"(7, 3, 1, 1, 1, 3, 1)",42,0.6792186498641968,0.8046173453330994,0.3005737364292145,0.7130142450332642
"(7, 2, 2, 3, 2, 1)",42,0.2929326891899109,0.30715882778167725,0.060575999319553375,0.35977697372436523
"(7, 2, 1, 4, 1, 3, 1)",42,0.3165620863437653,0.6445297002792358,0.2560975551605225,0.4443999826908112
"(7, 2, 4, 1, 1, 2, 1)",42,0.2990266978740692,0.2898815870285034,0.08838000148534775,0.3651168942451477
"(7, 2, 1, 4, 2, 1, 1)",42,0.322357177734375,0.3382411301136017,0.08546525239944458,0.4555566906929016
"(7, 2, 1, 2, 2, 3, 1)",42,0.29703405499458313,0.2451982796192169,0.1203545406460762,0.3836783468723297
"(7, 2, 2, 3, 1, 2, 1)",42,0.32423993945121765,0.17430521547794342,0.06114694848656655,0.4182178676128388
"(7, 2, 1, 1, 2, 4, 1)",42,0.3072158396244049,0.492148220539093,0.04204291105270386,0.3805144429206848
"(7, 2, 1, 2, 1, 5, 1)",42,0.3146959245204925,0.18973572552204127,0.04648056998848915,0.3570573627948761
"(7, 2, 1, 3, 1, 4, 1)",42,0.3029187321662903,0.655899167060852,0.06093858554959297,0.4018271565437317
"(7, 3, 1, 1, 3, 1, 1)",42,0.3089069426059723,0.4261200428009033,0.047928620129823685,0.4092913866043091
"(7, 2, 1, 5, 1, 2, 1)",42,0.3035933971405029,0.22586344182491305,0.06971140950918198,0.3691297769546509
"(7, 2, 1, 6, 1, 1, 1)",42,0.2986224293708801,0.2938920259475708,0.034733232110738754,0.4052798748016357
"(7, 3, 3, 1, 1)",42,0.2894512414932251,0.29627713561058044,0.03999411687254906,0.39585718512535095
"(7, 3, 2, 1, 2, 1)",42,0.3233032524585724,0.2298392057418823,0.028428886085748683,0.41524210572242737
"(7, 2, 1, 1, 1, 6, 1)",42,0.30277106165885925,0.22461086511611936,0.07254213094711304,0.3681341111660004
"(7, 3, 1, 3, 1, 1, 1)",42,0.3111802339553833,0.4080483615398407,0.11292114853858948,0.5125185251235962
"(7, 2, 3, 1, 2, 2, 1)",42,0.3028330206871033,0.1581835150718689,0.057648990303277976,0.3568376302719116
"(7, 2, 2, 1, 2, 3, 1)",42,0.31815725564956665,0.3602257072925568,0.027499927207827568,0.36932405829429626
"(7, 2, 1, 2, 4, 1, 1)",42,0.2971448004245758,0.2000995725393296,0.0535382591187954,0.3632660210132599
"(7, 2, 1, 3, 2, 2, 1)",42,0.29240530729293823,0.24599894881248474,0.03901027143001557,0.39593079686164856
"(7, 2, 2, 1, 3, 2, 1)",42,0.33039507269859314,0.5139574408531189,0.14802734553813934,0.4264363050460816
"(7, 2, 3, 2, 2, 1)",42,0.31708386540412903,0.21280577778816226,0.043932091444730766,0.3715006411075592
"(7, 2, 4, 1, 3, 1)",43,0.3221875727176666,0.13934412598609924,0.06252456456422806,0.3511275053024292
"(7, 2, 2, 2, 2, 2, 1)",43,0.32890585064888,0.7729139924049377,0.058993730694055564,0.3837392032146454
"(7, 2, 1, 2, 3, 2, 1)",43,0.6838658452033997,0.6919800043106079,0.3628029227256775,0.808404803276062
"(7, 2, 1, 1, 3, 3, 1)",43,0.3187079131603241,0.3462552130222321,0.0671561136841774,0.3552088439464569
"(7, 2, 5, 1, 1, 1, 1)",43,0.3247233033180237,0.5328142046928406,0.1594531536102295,0.4180391430854797
"(7, 2, 6, 1, 1)",43,0.3327595889568329,0.259512722492218,0.059778019785881036,0.4159647226333618
"(7, 2, 1, 7, 1, 1)",43,0.2995088696479797,0.3246888220310211,0.0935932919383049,0.3967137634754181
"(7, 3, 1, 1, 2, 2, 1)",43,0.30784931778907776,0.272276371717453,0.1698366105556488,0.4239421486854553
"(7, 2, 2, 4, 1, 1, 1)",43,0.30045032501220703,0.1393338292837143,0.14675351977348328,0.3706116378307343
"(7, 2, 1, 3, 3, 1, 1)",43,0.3126031458377838,0.27499717473983765,0.06273630261421204,0.4757583439350128
"(7, 2, 2, 2, 3, 1, 1)",43,0.3238115310668945,0.24075281620025635,0.04599408060312271,0.4326063394546509
"(7, 4, 1, 1, 1, 1)",43,0.33070337772369385,0.3104409575462341,0.053109653294086456,0.3697879016399384
"(7, 2, 2, 1, 1, 5, 1)",43,0.32101505994796753,0.2621456682682037,0.043993864208459854,0.4513858556747437
"(7, 3, 1, 2, 2, 1, 1)",43,0.3082125782966614,0.2661071121692657,0.06438637524843216,0.3889913260936737
"(7, 3, 2, 2, 1, 1)",43,0.2821370661258697,0.4638777375221253,0.028049036860466003,0.3882081210613251
"(7, 2, 4, 2, 1, 1)",43,0.3031327426433563,0.3053562045097351,0.05478203296661377,0.3635990917682648
"(7, 2, 1, 1, 7, 1)",43,0.30704188346862793,0.4561835825443268,0.08065851032733917,0.3957465589046478
"(7, 3, 1, 4, 1, 1)",43,0.30801039934158325,0.2281637787818909,0.04798887297511102,0.451231837272644
"(7, 2, 2, 1, 5, 1, 1)",43,0.30790936946868896,0.16572198271751404,0.03358833864331245,0.4037929475307465
"(7, 3, 1, 1, 4, 1)",43,0.3364206850528717,0.7613736391067505,0.060954276472330086,0.4415848255157471
"(7, 2, 3, 2, 1, 2, 1)",43,0.2933625876903534,0.22013425827026367,0.04339751973748207,0.35798805952072144
"(7, 2, 3, 3, 1, 1)",43,0.3084336519241333,0.21313457190990448,0.040191829204559326,0.4167818129062653
"(7, 2, 2, 5, 1)",43,0.3060668408870697,0.3540039658546448,0.09472870826721193,0.384301096200943
"(7, 3, 2, 1, 2, 1, 1)",44,0.3027925789356232,0.3244703710079193,0.05076742917299271,0.3868143260478973
"(7, 2, 2, 1, 6, 1)",44,0.3094636797904968,0.2286482751369477,0.04155590757727623,0.4276316463947296
"(7, 2, 3, 1, 4, 1, 1)",44,0.3010208606719971,0.3735437393188477,0.07110196352005005,0.43901267647743225
"(7, 2, 3, 2, 2, 1, 1)",44,0.3046422898769379,0.29362404346466064,0.028961487114429474,0.3848355412483215
"(7, 2, 2, 2, 1, 4, 1)",44,0.3068801164627075,0.2084448039531708,0.03717735409736633,0.3945803344249725
"(7, 3, 1, 5, 1)",44,0.29629024863243103,0.23289315402507785,0.04710819944739342,0.3974141180515289
"(7, 2, 1, 8, 1)",44,0.3117310106754303,0.2428969442844391,0.07521692663431168,0.3528538644313812
"(7, 3, 2, 1, 1, 2, 1)",44,0.3069513738155365,0.3298527002334595,0.08528406918048859,0.3532382845878601
"(7, 3, 3, 1, 1, 1)",44,0.3029862344264984,0.1517050415277481,0.03759954497218132,0.38321420550346375
"(7, 2, 5, 1, 2, 1)",44,0.2980375587940216,0.21106570959091187,0.035930272191762924,0.3609340786933899
"(7, 4, 1, 2, 1)",44,0.2937164008617401,0.21207115054130554,0.033322472125291824,0.364660769701004
"(7, 2, 3, 1, 1, 4, 1)",44,0.3113924860954285,0.11144228279590608,0.028876388445496563,0.4039356708526611
"(7, 2, 1, 5, 2, 1)",44,0.3019923269748688,0.2706539034843445,0.03607519343495369,0.3762929439544678
"(7, 2, 2, 3, 2, 1, 1)",44,0.3159400820732117,0.2234356254339218,0.07251930236816406,0.414669930934906
"(7, 2, 1, 2, 5, 1)",44,0.2981882095336914,0.2948693037033081,0.05347118154168129,0.40062955021858215
"(7, 2, 1, 7, 1, 1, 1)",45,0.307356059551239,0.14389142394065854,0.07082636654376984,0.3911841511726379
"(7, 2, 1, 4, 1, 4, 1)",45,0.3234683871269226,0.5678148865699768,0.0953928530216217,0.3659584820270538
"(7, 2, 3, 3, 1, 1, 1)",45,0.31147971749305725,0.195803627371788,0.05632733926177025,0.36348599195480347
"(7, 2, 2, 3, 1, 3, 1)",45,0.3118909001350403,0.25088566541671753,0.05158159136772157,0.4251221716403961
"(7, 2, 2, 2, 4, 1)",45,0.3035566806793213,0.22652898728847504,0.05091604962944984,0.3661866188049317
"(7, 2, 6, 1, 1, 1)",45,0.3182539641857147,0.22047045826911926,0.10116589069366456,0.3701536953449249
"(7, 2, 1, 1, 7, 1, 1)",45,0.3181689381599426,0.2623685002326965,0.04098394513130188,0.4095815420150757
"(7, 2, 2, 5, 1, 1)",45,0.3121175169944763,0.5603388547897339,0.040124814957380295,0.4246205389499664
"(7, 2, 1, 1, 1, 7, 1)",45,0.7072290778160095,0.4341876208782196,0.5803638100624084,0.981131672859192
"(7, 2, 4, 2, 1, 1, 1)",45,0.3160386383533478,0.20006980001926425,0.10267654806375504,0.3709371685981751
"(7, 3, 1, 1, 1, 4, 1)",45,0.2962760925292969,0.23464810848236084,0.08340698480606079,0.3749507069587708
"(7, 2, 1, 2, 1, 6, 1)",45,0.2927508652210236,0.1666276901960373,0.0391601212322712,0.3580552637577057
"(7, 3, 1, 2, 1, 3, 1)",45,0.30613973736763,0.1717379242181778,0.0844503864645958,0.3824675679206848
"(7, 2, 4, 1, 1, 3, 1)",45,0.7138289809226991,0.5817849040031433,0.36738944053649897,0.9832589626312256
"(7, 2, 1, 5, 1, 3, 1)",45,0.30265292525291443,0.2557256817817688,0.10445760935544968,0.3776160478591919
"(7, 2, 1, 3, 1, 5, 1)",45,0.2981473207473755,0.2112385481595993,0.052442681044340134,0.3559601902961731
"(7, 2, 4, 1, 3, 1, 1)",45,0.29960742592811584,0.15275712311267853,0.03528933599591255,0.3780909776687622
"(7, 3, 1, 3, 1, 2, 1)",45,0.3042009472846985,0.29220280051231384,0.0678047314286232,0.4275564253330231
"(7, 3, 2, 2, 1, 1, 1)",45,0.3023596405982971,0.5297602415084839,0.06089435517787933,0.4377005696296692
"(7, 4, 2, 1)",45,0.3111330568790436,0.3134244382381439,0.0561327189207077,0.3957560956478119
"(7, 2, 3, 1, 5, 1)",45,0.317138135433197,0.1761738508939743,0.07936269044876099,0.3663089871406555
"(7, 3, 1, 2, 3, 1)",45,0.2972457408905029,0.18318261206150047,0.04738639667630196,0.3853730857372284
"(7, 3, 1, 1, 4, 1, 1)",45,0.3085974156856537,0.18729311227798465,0.0520189106464386,0.3589155375957489
"(7, 3, 1, 4, 1, 1, 1)",45,0.308781236410141,0.2612448036670685,0.05853912979364395,0.3613881468772888
"(7, 3, 2, 1, 3, 1)",45,0.3005587160587311,0.19627444446086886,0.03858771547675133,0.3958257734775543
"(7, 4, 1, 1, 1, 1, 1)",45,0.3084997832775116,0.3966087102890015,0.04820634424686432,0.4227531850337982
"(7, 3, 4, 1)",45,0.29774510860443115,0.2215261310338974,0.06663688272237778,0.3943248987197876
"(7, 3, 1, 3, 2, 1)",45,0.3179774880409241,0.2026077508926392,0.09820833802223206,0.4227754771709442
"(7, 2, 7, 1)",45,0.3203408420085907,0.5005123019218445,0.0325533039867878,0.4504929780960083
"(7, 2, 1, 6, 1, 2, 1)",45,0.2993939220905304,0.32291945815086365,0.04836402088403702,0.35717567801475525
"(7, 3, 2, 3, 1)",45,0.29640665650367737,0.2941705584526062,0.06675396859645844,0.4534190893173218
"(7, 2, 2, 1, 6, 1, 1)",46,0.3019058108329773,0.25849467515945435,0.03726402297616005,0.3997611403465271
"(7, 2, 1, 2, 5, 1, 1)",46,0.30531033873558044,0.2658117413520813,0.04105279222130776,0.3954823911190033
"(7, 4, 1, 2, 1, 1)",46,0.3119895160198212,0.19892176985740664,0.18946610391139984,0.556048572063446
"(7, 2, 2, 1, 1, 6, 1)",46,0.3111036717891693,0.3473302721977234,0.06853514909744263,0.4473951458930969
"(7, 2, 3, 2, 3, 1)",46,0.33200165629386896,0.2678678333759308,0.051752906292676926,0.42016759514808655
"(7, 3, 3, 1, 1, 1, 1)",46,0.31416088342666626,0.1838347166776657,0.28512677550315857,0.6539196372032166
"(7, 3, 1, 1, 5, 1)",46,0.2916006147861481,0.3014475107192993,0.04783384501934052,0.35825514793396
"(7, 2, 2, 1, 4, 2, 1)",46,0.30797553062438965,0.2802751660346985,0.04661659896373749,0.3533864319324493
"(7, 2, 2, 4, 1, 2, 1)",46,0.2937571704387665,0.193378821015358,0.1160765141248703,0.3797540962696075
"(7, 2, 4, 1, 2, 2, 1)",46,0.6553416252136229,0.22635091841220856,0.0385761708021164,0.4712066352367401
"(7, 2, 5, 1, 2, 1, 1)",46,0.3083967268466949,0.4649323225021362,0.04449264705181122,0.37210190296173096
"(7, 2, 1, 5, 2, 1, 1)",46,0.3174804449081421,0.21484719216823572,0.05437267944216728,0.363054096698761
"(7, 2, 1, 1, 8, 1)",46,0.3127952814102173,0.1404338926076889,0.0443020798265934,0.4168285727500916
"(7, 2, 4, 1, 4, 1)",46,0.3140087425708771,0.2582735121250153,0.04757377877831459,0.4100016057491303
"(7, 2, 1, 8, 1, 1)",46,0.3037417829036713,0.2664386630058289,0.08038078993558884,0.4193005859851837
"(7, 2, 2, 1, 2, 4, 1)",46,0.3186491131782532,0.3277950882911682,0.037078578025102615,0.3746114075183869
"(7, 4, 1, 1, 2, 1)",46,0.30185171961784363,0.35705482959747314,0.053916823118925095,0.3658919632434845
"(7, 2, 3, 1, 3, 2, 1)",46,0.3104696273803711,0.1959182620048523,0.09196897596120834,0.36102160811424255
"(7, 2, 1, 4, 2, 2, 1)",46,0.3005702495574951,0.2901782095432281,0.07993008941411972,0.3747220635414124
"(7, 2, 3, 4, 1)",46,0.3292856514453888,0.18516503274440765,0.04856516793370247,0.38354045152664185
"(7, 2, 3, 2, 1, 3, 1)",46,0.2993495762348175,0.45304074883461,0.03691476210951805,0.3946762979030609
"(7, 2, 1, 1, 5, 2, 1)",46,0.31357043981552124,0.3438562154769897,0.11442510038614273,0.3660544753074646
"(7, 2, 5, 2, 1)",46,0.31157323718070984,0.3150477707386017,0.06608835607767105,0.3616328537464142
"(7, 2, 1, 2, 2, 4, 1)",46,0.308197021484375,0.14598344266414642,0.08909798413515091,0.3571429550647736
"(7, 2, 5, 1, 1, 2, 1)",46,0.2953426539897919,0.16084174811840055,0.07145785540342331,0.3658430874347687
"(7, 2, 1, 3, 2, 3, 1)",46,0.31618261337280273,0.981902241706848,0.1489422768354416,0.4338802397251129
"(7, 3, 1, 5, 1, 1)",46,0.29413145780563354,0.208422526717186,0.0364815928041935,0.37759360671043396
"(7, 2, 1, 4, 3, 1)",46,0.6969531774520874,0.435474306344986,0.5896309614181519,1.0130112171173096
"(7, 2, 1, 3, 4, 1)",46,0.29821035265922546,0.29534775018692017,0.07733099907636642,0.3585655093193054
"(7, 2, 3, 1, 2, 3, 1)",46,0.3186672329902649,0.3382209539413452,0.07008514553308487,0.43976566195487976
"(7, 5, 1)",46,0.30315595865249634,0.14576828479766846,0.04698051139712334,0.3667176961898804
"(7, 2, 1, 1, 2, 5, 1)",46,0.3149048388004303,0.2578640878200531,0.07612664252519608,0.3499613106250763
"(7, 3, 1, 2, 2, 2, 1)",47,0.29773715138435364,0.2806422412395477,0.09616445004940033,0.37976887822151184
"(7, 3, 3, 2, 1)",47,0.2907924950122833,0.20708608627319336,0.06131349876523017,0.38417211174964905
"(7, 2, 3, 1, 5, 1, 1)",47,0.3012725114822388,0.27252334356307983,0.08391617983579636,0.4036786258220673
"(7, 2, 2, 2, 4, 1, 1)",47,0.30829450488090515,0.14030875265598294,0.030313426628708836,0.4010840356349945
"(7, 3, 3, 1, 2, 1)",47,0.3090956211090088,0.17926664650440216,0.11773994565010072,0.4200676679611206
"(7, 3, 2, 2, 2, 1)",47,0.3005662560462952,0.2402985394001007,0.06841081380844116,0.34956204891204834
"(7, 3, 2, 3, 1, 1)",47,0.28978848457336426,0.20803919434547424,0.033248968422412865,0.3920491933822632
"(7, 3, 2, 1, 1, 3, 1)",47,0.2937321960926056,0.5079308152198792,0.044912174344062805,0.39640873670578003
"(7, 2, 2, 1, 7, 1)",47,0.2966754138469696,0.1784285604953766,0.050563570111989975,0.4421212077140808
"(7, 2, 2, 1, 3, 3, 1)",47,0.3084399998188019,0.22785049676895144,0.0698915645480156,0.3924351632595062
"(7, 2, 2, 5, 1, 1, 1)",47,0.302012711763382,0.17116627097129822,0.04952240735292435,0.3585631847381592
"(7, 3, 4, 1, 1)",47,0.3019804060459137,0.2556969225406647,0.047558724880218506,0.43638521432876587
"(7, 2, 4, 2, 2, 1)",47,0.29957157373428345,0.3405403792858124,0.03923974931240082,0.4136837422847748
"(7, 3, 1, 1, 3, 2, 1)",47,0.31001681089401245,0.2311857044696808,0.08180408179759979,0.3928185999393463
"(7, 3, 1, 1, 2, 3, 1)",47,0.3104800879955292,0.17174535989761353,0.02756327204406261,0.4483630657196045
"(7, 3, 1, 3, 2, 1, 1)",47,0.29863590002059937,0.17388761043548584,0.08441131561994553,0.3498831987380981
"(7, 2, 2, 6, 1)",47,0.31321588158607483,0.3227689564228058,0.051445841789245605,0.3627990484237671
"(7, 2, 5, 1, 3, 1)",47,0.3089455366134644,0.18716536462306976,0.04555188864469528,0.36193516850471497
"(7, 3, 2, 1, 3, 1, 1)",47,0.33000829815864563,0.59806227684021,0.033656429499387734,0.4801165163516998
"(7, 2, 2, 4, 2, 1)",47,0.2938346862792969,0.16057424247264862,0.039468713104724884,0.3619458079338074
"(7, 3, 1, 2, 3, 1, 1)",47,0.31203392148017883,0.1612345576286316,0.07904534041881561,0.3673397898674011
"(7, 4, 2, 1, 1)",47,0.29061102867126465,0.7739081382751465,0.04681739583611488,0.3661518394947052
"(7, 2, 2, 2, 2, 3, 1)",47,0.30436450242996216,0.2941466867923737,0.06904622912406921,0.4173716604709625
"(7, 2, 7, 1, 1)",47,0.30579498410224915,0.4249876141548157,0.10577809810638428,0.3905282318592072
"(7, 2, 1, 9, 1)",47,0.2991716861724853,0.2304496765136719,0.0844244584441185,0.359693318605423
"(7, 2, 6, 1, 1, 1, 1)",47,0.3053182661533356,0.2407200485467911,0.04070612043142319,0.3439148962497711
"(7, 4, 1, 3, 1)",47,0.3170579671859741,0.4779196977615357,0.04692367836833,0.39834028482437134
"(7, 2, 3, 1, 1, 5, 1)",47,0.3109116852283478,0.3757088780403137,0.04607216641306877,0.36343085765838623
"(7, 2, 2, 3, 3, 1)",47,0.3229229748249054,0.4541247189044952,0.034749336540699005,0.4146564304828644
"(7, 2, 4, 3, 1)",47,0.3063738346099853,0.20496006309986115,0.03717052191495896,0.4114035069942473
"(7, 3, 1, 6, 1)",47,0.3042319715023041,0.2581981420516968,0.05292632430791855,0.3793855309486389
"(7, 2, 2, 2, 1, 5, 1)",47,0.3081427216529846,0.8227592706680298,0.06671328842639923,0.4168032109737396
"(7, 2, 3, 1, 6, 1)",48,0.3001508116722107,0.3197381794452667,0.04990315809845925,0.3685957193374634
"(7, 4, 1, 1, 2, 1, 1)",48,0.2930823564529419,0.2351788580417633,0.07775282114744186,0.3877589404582977
"(7, 2, 1, 2, 1, 7, 1)",48,0.35303226113319397,0.722497820854187,0.07378412038087845,0.5180732607841492
"(7, 3, 1, 2, 1, 4, 1)",48,0.3069542944431305,1.46078622341156,0.1666247844696045,0.3689659833908081
"(7, 3, 2, 1, 4, 1)",48,0.2950479090213776,0.3894380033016205,0.0427449457347393,0.4020172357559204
"(7, 3, 2, 1, 2, 2, 1)",48,0.29122602939605713,0.15357890725135806,0.0812896117568016,0.3539420962333679
"(7, 2, 3, 3, 1, 2, 1)",48,0.3106825053691864,0.21874552965164185,0.09432567656040193,0.36770424246788025
"(7, 2, 1, 1, 1, 8, 1)",48,0.3163268566131592,0.1624251902103424,0.0477198101580143,0.40772688388824463
"(7, 2, 1, 6, 2, 1)",48,0.302205353975296,0.19835415482521052,0.04801445826888085,0.3650360405445099
"(7, 2, 1, 1, 8, 1, 1)",48,0.33645713329315186,0.31510624289512634,0.04316021502017975,0.380124032497406
"(7, 2, 1, 2, 4, 2, 1)",48,0.3116270899772644,0.4443469941616057,0.05653541162610054,0.43221861124038696
"(7, 2, 1, 7, 1, 2, 1)",48,0.2973683178424835,0.3527824878692627,0.04190680384635925,0.3868844509124756
"(7, 3, 1, 3, 1, 3, 1)",48,0.3101300895214081,0.20322297513484955,0.03313778713345528,0.3795649409294128
"(7, 2, 3, 4, 1, 1)",48,0.3199537396430969,0.2823701500892639,0.05137006938457489,0.38361427187919617
"(7, 2, 1, 4, 3, 1, 1)",48,0.3031785488128662,0.2055385261774063,0.034220807254314416,0.4169083535671234
"(7, 2, 6, 1, 2, 1)",48,0.2898417413234711,0.390724778175354,0.030825328081846237,0.3668776154518128
"(7, 3, 1, 4, 1, 2, 1)",48,0.3155021667480469,0.35077670216560364,0.05751792341470719,0.3776958882808685
"(7, 4, 1, 2, 1, 1, 1)",48,0.29667383432388306,0.26508060097694397,0.11072148382663727,0.3507347106933594
"(7, 4, 1, 1, 1, 2, 1)",48,0.2982642948627472,0.35215091705322266,0.03046477399766445,0.4142757952213288
"(7, 2, 1, 4, 1, 5, 1)",48,0.2910551130771637,0.17482154071331024,0.045458056032657616,0.3592381775379181
"(7, 2, 1, 1, 3, 4, 1)",48,0.29699528217315674,0.15030983090400696,0.035231277346611016,0.3852561712265015
"(7, 3, 1, 1, 1, 5, 1)",48,0.7073505520820618,0.593702495098114,0.4573031663894653,0.9754042625427246
"(7, 2, 1, 3, 1, 6, 1)",48,0.3120020031929016,0.25096216797828674,0.027329811826348305,0.3970554172992706
"(7, 3, 1, 1, 5, 1, 1)",48,0.2962849736213684,0.21801409125328064,0.054511640220880515,0.38973331451416016
"(7, 2, 2, 3, 1, 4, 1)",48,0.3367645740509033,0.445043295621872,0.06905415654182434,0.38438329100608826
"(7, 2, 1, 8, 1, 1, 1)",48,0.3472840189933777,0.11759768426418304,0.18184636533260345,0.5464107990264893
"(7, 2, 4, 1, 1, 4, 1)",48,0.3359328508377075,0.4103010594844818,0.03496129438281058,0.4259136915206909
"(7, 2, 1, 3, 4, 1, 1)",48,0.32441437244415283,0.2798498272895813,0.03575405478477478,0.3966528177261353
"(7, 2, 2, 3, 2, 2, 1)",48,0.3013236224651337,0.19148743152618408,0.07054883986711502,0.366156131029129
"(7, 2, 1, 2, 3, 3, 1)",48,0.3020008504390717,0.19900159537792209,0.09934168308973312,0.3755907118320465
"(7, 2, 4, 1, 4, 1, 1)",48,0.30219757556915283,0.2718173265457153,0.0679190382361412,0.3693176805973053
"(7, 2, 2, 2, 3, 2, 1)",48,0.3179066479206085,0.2441333681344986,0.11876347661018373,0.3692115545272827
"(7, 2, 1, 2, 6, 1)",48,0.34561023116111755,0.5472177863121033,0.05957162007689476,0.4432809054851532
"(7, 3, 1, 5, 1, 1, 1)",48,0.2971087098121643,0.3752051889896393,0.04765261709690094,0.3443340063095093
"(7, 2, 1, 1, 4, 3, 1)",48,0.3162941634654999,0.2989385426044464,0.08199334889650345,0.3776696026325226
"(7, 2, 5, 2, 1, 1)",48,0.33160632848739624,0.2303384393453598,0.15048299729824066,0.4750513434410095
"(7, 5, 1, 1)",48,0.3073294460773468,0.2070292979478836,0.06291385740041733,0.4053836464881897
"(7, 3, 2, 2, 1, 2, 1)",48,0.3079020380973816,0.2322726845741272,0.06524786353111267,0.3874016702175141
"(7, 2, 1, 5, 1, 4, 1)",48,0.3101077973842621,0.19824162125587466,0.06933093070983888,0.36355024576187134
"(7, 2, 3, 2, 3, 1, 1)",48,0.3093681037425995,0.3935868442058563,0.04102892801165581,0.404049813747406
"(7, 2, 4, 2, 1, 2, 1)",48,0.3034767210483551,0.20372359454631805,0.058369152247905724,0.3688149154186249
"(7, 2, 1, 3, 3, 2, 1)",48,0.3045596480369568,0.13849924504756927,0.08747369050979614,0.34653159976005554
"(7, 2, 3, 3, 2, 1)",48,0.3083815574645996,0.24615299701690674,0.06670830398797989,0.3865045309066773
"(7, 2, 1, 6, 1, 3, 1)",48,0.3085939884185791,0.35663852095603943,0.11602353304624555,0.4075817763805389
"(7, 2, 3, 2, 2, 2, 1)",48,0.7141768932342529,0.7330803275108337,0.892471194267273,1.0489366054534912
"(7, 2, 4, 3, 1, 1)",49,0.3183543086051941,0.23598796129226685,0.0811520367860794,0.3841296136379242
"(7, 3, 1, 1, 6, 1)",49,0.313417911529541,0.18854381144046786,0.07118728756904602,0.3793276250362396
"(7, 2, 3, 2, 1, 4, 1)",49,0.328698068857193,0.1751982718706131,0.1145203858613968,0.37268319725990295
"(7, 2, 2, 4, 2, 1, 1)",49,0.303516685962677,0.1806570291519165,0.03902919590473175,0.3993521630764008
"(7, 3, 4, 1, 1, 1)",49,0.30654022097587585,0.6932870149612427,0.03988675773143768,0.3901333212852478
"(7, 2, 2, 1, 7, 1, 1)",49,0.6758143305778503,0.6087871789932251,0.3346990942955017,0.8720977306365967
"(7, 4, 1, 3, 1, 1)",49,0.2835325300693512,0.12401267886161806,0.04121645167469978,0.3790262937545776
"(7, 2, 4, 2, 2, 1, 1)",49,0.3115728199481964,0.15022817254066467,0.061723757535219186,0.3619957566261292
"(7, 2, 7, 1, 1, 1)",49,0.3418212831020355,0.4753882884979248,0.04987155646085738,0.364170640707016
"(7, 2, 1, 1, 9, 1)",49,0.3113583922386169,0.3532240688800812,0.04844857007265091,0.4157367646694183
"(7, 4, 2, 1, 1, 1)",49,0.29649850726127625,0.3285907506942749,0.11938004195690155,0.38227155804634094
"(7, 2, 2, 6, 1, 1)",49,0.3457347452640533,0.4409668445587158,0.12645195424556732,0.4960141777992249
"(7, 2, 5, 1, 1, 3, 1)",49,0.30665862560272217,0.3422189950942993,0.038824696093797684,0.3727571070194245
"(7, 2, 5, 1, 3, 1, 1)",49,0.30820155143737793,0.2542965412139893,0.06611964106559752,0.39918020367622375
"(7, 3, 1, 2, 4, 1)",49,0.2982166111469269,0.706750214099884,0.030099185183644295,0.3793326318264008
"(7, 3, 3, 2, 1, 1)",49,0.318786084651947,0.2169256806373596,0.0913919284939766,0.47486650943756104
"(7, 3, 3, 1, 1, 2, 1)",49,0.3080396354198456,0.5918411016464233,0.09228074550628662,0.3683393895626068
"(7, 2, 2, 4, 1, 3, 1)",49,0.2968351244926453,0.20815953612327576,0.03282265737652778,0.4233928322792053
"(7, 3, 2, 4, 1)",49,0.3081980049610138,0.2712930142879486,0.049100954085588455,0.3862554728984833
"(7, 4, 1, 1, 3, 1)",49,0.2935337424278259,0.4238590598106384,0.05242878571152687,0.3970737159252167
"(7, 2, 4, 1, 5, 1)",49,0.3155774176120758,0.3422403037548065,0.07088498771190642,0.3955845236778259
"(7, 3, 2, 3, 1, 1, 1)",49,0.3129322826862335,0.2582806944847107,0.07990758121013641,0.49638301134109497
"(7, 2, 8, 1)",49,0.3346080183982849,0.2381646633148193,0.06543027609586716,0.4281088709831238
"(7, 2, 2, 3, 3, 1, 1)",49,0.3230375349521637,0.4104004800319672,0.11119803786277772,0.4476290643215179
"(7, 2, 1, 9, 1, 1)",49,0.3313748240470886,0.21586130559444427,0.06933009624481201,0.388092041015625
"(7, 2, 2, 1, 1, 7, 1)",49,0.30507948994636536,0.2941337525844574,0.101592056453228,0.3707683086395264
"(7, 3, 1, 6, 1, 1)",49,0.3060557544231415,0.2759716510772705,0.032356146723032005,0.4014708697795868
"(7, 2, 2, 2, 5, 1)",49,0.3061138093471527,0.2551974952220917,0.06101873517036437,0.3503647744655609
"(7, 3, 2, 2, 2, 1, 1)",49,0.30703216791152954,0.2341973334550857,0.0832907110452652,0.3566623628139496
"(7, 3, 3, 1, 2, 1, 1)",49,0.2975751161575317,0.2396105527877808,0.0580410435795784,0.3652346134185791
"(7, 3, 1, 4, 2, 1)",49,0.3031314015388489,0.2869090735912323,0.0429484024643898,0.3725042939186096
"(7, 6, 1)",55,0.2930929958820343,0.32521456480026245,0.08309083431959152,0.3580586314201355
"(7, 7, 1)",64,0.2881752550601959,0.4280316829681397,0.055362530052661896,0.3703661262989044
"(7, 8, 1)",73,0.2880733609199524,0.16190117597579956,0.04768450185656548,0.36678382754325867
"(7, 5, 5, 1)",76,0.29560694098472595,0.5204333066940308,0.040808793157339096,0.3672409951686859
"(7, 9, 1)",82,0.2970693111419678,0.6612279415130615,0.06156537681818008,0.3637999594211577
"(7, 5, 6, 1)",83,0.2882381081581116,0.2113947719335556,0.0623941421508789,0.3677381575107575
"(7, 6, 5, 1)",89,0.28423139452934265,0.3110228776931763,0.05392517521977425,0.3563937246799469
"(7, 5, 7, 1)",90,0.2976509928703308,0.17570428550243378,0.06260994076728821,0.3715539574623108
"(7, 10, 1)",91,0.2913429141044617,0.2565900981426239,0.053999628871679306,0.35978400707244873
"(7, 5, 8, 1)",97,0.28692907094955444,0.3566887378692627,0.08058720827102661,0.3734554648399353
"(7, 6, 6, 1)",97,0.29508310556411743,0.18118999898433685,0.04895096272230148,0.3875927329063416
"(7, 11, 1)",100,0.2842286229133606,0.6187478303909302,0.0851249024271965,0.3819032907485962
"(7, 7, 5, 1)",102,0.2859669029712677,0.20188279449939728,0.07155192643404007,0.3550720512866974
"(7, 5, 9, 1)",104,0.2908262014389038,0.1863349974155426,0.07229241728782654,0.3573989272117615
"(7, 6, 7, 1)",105,0.29745522141456604,0.179005965590477,0.06754473596811295,0.3743773102760315
"(7, 5, 5, 5, 1)",106,0.2950425446033478,0.4198161065578461,0.09044103324413301,0.38633373379707336
"(7, 12, 1)",109,0.2775323390960693,0.3352101743221283,0.05880946293473244,0.3677988052368164
"(7, 7, 6, 1)",111,0.2799104452133179,0.28976795077323914,0.06546808034181595,0.3625699877738953
"(7, 5, 10, 1)",111,0.30194297432899475,0.42223861813545227,0.0907910168170929,0.3765135407447815
"(7, 5, 5, 6, 1)",113,0.28978949785232544,0.20072871446609494,0.06567501276731491,0.3564021587371826
"(7, 6, 8, 1)",113,0.3002678453922272,0.2542673051357269,0.06376779079437256,0.3737852275371552
"(7, 8, 5, 1)",115,0.2796705663204193,0.39186662435531616,0.06822124868631363,0.3588441908359528
"(7, 5, 6, 5, 1)",117,0.29339033365249634,0.23530715703964236,0.06974364817142488,0.34523189067840576
"(7, 5, 11, 1)",118,0.28404879570007324,0.2810291945934296,0.062306340783834464,0.3722757399082184
"(7, 13, 1)",118,0.2779816687107086,0.5811538100242615,0.08973957598209381,0.36373624205589294
"(7, 6, 5, 5, 1)",119,0.29077839851379395,0.3173246383666992,0.07415362447500229,0.3651849031448364
"(7, 5, 5, 7, 1)",120,0.2979845106601715,0.20351596176624295,0.059363909065723426,0.3674007654190064
"(7, 7, 7, 1)",120,0.2852891683578491,0.19596965610980988,0.05232485011219978,0.3772516250610352
"(7, 6, 9, 1)",121,0.30481433868408203,0.4507341682910919,0.09437467157840727,0.3634593188762665
"(7, 5, 6, 6, 1)",125,0.286037415266037,0.19274573028087616,0.06353911757469177,0.35425928235054016
"(7, 8, 6, 1)",125,0.2793044745922089,0.19427524507045746,0.10400570929050446,0.3616855442523956
"(7, 5, 12, 1)",125,0.28443583846092224,0.2320030182600021,0.07249435037374496,0.3672448694705963
"(7, 6, 5, 6, 1)",126,0.29611852765083313,0.3458869457244873,0.07115960866212845,0.3774678409099579
"(7, 14, 1)",127,0.2718785405158997,0.22319062054157254,0.06980784237384796,0.3636482954025269
"(7, 5, 5, 8, 1)",127,0.29596155881881714,0.3330912292003632,0.05562647059559822,0.3719074726104736
"(7, 9, 5, 1)",128,0.2844652533531189,0.16583137214183807,0.05346830189228058,0.35312420129776
"(7, 5, 7, 5, 1)",128,0.306645542383194,0.6904007792472839,0.05393214151263237,0.3737468123435974
"(7, 7, 8, 1)",129,0.28500258922576904,0.28367412090301514,0.054633934050798416,0.3667462170124054
"(7, 6, 10, 1)",129,0.294992059469223,0.3238053619861603,0.05060169845819473,0.3664588928222656
"(7, 6, 6, 5, 1)",131,0.28824305534362793,0.25243011116981506,0.056133247911930084,0.3761662840843201
"(7, 7, 5, 5, 1)",132,0.2872034311294556,0.2807303667068481,0.07975663244724274,0.3528497815132141
"(7, 5, 13, 1)",132,0.2877454161643982,1.7246824502944946,0.06040794774889946,0.3627386689186096
"(7, 5, 6, 7, 1)",133,0.29436805844306946,0.4330383539199829,0.05679986625909805,0.3746065497398377
"(7, 6, 5, 7, 1)",133,0.27632787823677063,0.4788427948951721,0.03847088664770126,0.35745182633399963
"(7, 5, 5, 9, 1)",134,0.2957498729228973,0.19922491908073425,0.07354268431663513,0.3755945861339569
"(7, 8, 7, 1)",135,0.30609411001205444,0.4741185009479522,0.06759409606456758,0.3745535314083099
"(7, 15, 1)",136,0.2908610701560974,0.22011882066726685,0.043980009853839874,0.3637396097183228
"(7, 5, 5, 5, 5, 1)",136,0.2856611907482147,0.1984691619873047,0.056900233030319214,0.3673063814640045
"(7, 5, 7, 6, 1)",137,0.2826068103313446,0.3389057517051697,0.0631047785282135,0.362078994512558
"(7, 6, 11, 1)",137,0.2936682999134064,0.7731213569641113,0.05506764724850655,0.3786998689174652
"(7, 7, 9, 1)",138,0.2932915687561035,0.14640656113624573,0.05461309477686882,0.3606234490871429
"(7, 5, 14, 1)",139,0.2893086075782776,0.2590640187263489,0.08032868057489395,0.3653660714626312
"(7, 5, 8, 5, 1)",139,0.3068809807300568,0.2659349739551544,0.05875974148511887,0.3851763010025024
"(7, 7, 5, 6, 1)",139,0.3013267815113068,0.22517253458499908,0.06563275307416916,0.3999032974243164
"(7, 6, 6, 6, 1)",139,0.29945108294487,0.3576565682888031,0.06463290750980377,0.3786980509757996
"(7, 9, 6, 1)",139,0.2831624746322632,0.3175541460514069,0.0589728131890297,0.34914395213127136
"(7, 6, 5, 8, 1)",140,0.29591581225395197,0.3764665424823761,0.04373396560549736,0.3772725462913513
"(7, 10, 5, 1)",141,0.2834362387657165,0.37322962284088135,0.0779026672244072,0.36294564604759216
"(7, 5, 6, 8, 1)",141,0.28935450315475464,0.39260488748550415,0.05956762284040451,0.3699998259544373
"(7, 5, 5, 10, 1)",141,0.2956231236457825,0.2620602250099182,0.050327252596616745,0.3804998099803925
"(7, 6, 7, 5, 1)",143,0.2876112759113312,0.6154020428657532,0.06953010708093643,0.3637339472770691
"(7, 5, 5, 5, 6, 1)",143,0.2933555543422699,0.3201510012149811,0.061173215508461,0.3676504194736481
"(7, 16, 1)",145,0.2718936800956726,0.16857941448688507,0.05118483677506447,0.3694662749767304
"(7, 8, 5, 5, 1)",145,0.29760411381721497,0.27332255244255066,0.055785562843084335,0.3744149506092072
"(7, 8, 8, 1)",145,0.2923742234706879,0.1974850296974182,0.06446531414985658,0.3763628304004669
"(7, 7, 6, 5, 1)",145,0.2875356078147888,0.1730327010154724,0.05549735203385353,0.3672719597816467
"(7, 6, 12, 1)",145,0.29443979263305664,0.47492861747741705,0.04741799458861351,0.3743191659450531
"(7, 7, 5, 7, 1)",146,0.2942604422569275,0.23225471377372744,0.04151269793510437,0.3859165012836456
"(7, 5, 15, 1)",146,0.2852786183357239,0.4753499329090118,0.06785748153924942,0.3578908145427704
"(7, 5, 7, 7, 1)",146,0.292568176984787,0.32005080580711365,0.0711962878704071,0.368544727563858
"(7, 7, 10, 1)",147,0.29540491104125977,0.6746457815170288,0.055332507938146584,0.3576917052268982
"(7, 5, 5, 6, 5, 1)",147,0.29275959730148315,0.15142567455768585,0.09869693219661713,0.3955342173576355
"(7, 6, 6, 7, 1)",147,0.2846164405345917,0.2381032109260559,0.049422629177570336,0.3629931807518005
"(7, 6, 5, 9, 1)",147,0.2821838855743408,0.22087347507476807,0.06376024335622787,0.3712558448314667
"(7, 5, 6, 5, 5, 1)",147,0.2899487018585205,0.6019429564476013,0.058089166879653924,0.3857071399688721
"(7, 5, 5, 11, 1)",148,0.28548747301101685,0.2516697943210602,0.061280850321054466,0.3606151938438416
"(7, 5, 6, 9, 1)",149,0.2935155928134918,0.2254560738801956,0.05089164525270462,0.3579655587673187
"(7, 6, 5, 5, 5, 1)",149,0.2953057885169983,0.3474102020263672,0.058200675994157784,0.40874898433685297
"(7, 5, 8, 6, 1)",149,0.2812055051326752,0.21083621680736545,0.056999791413545615,0.3559897243976593
"(7, 5, 9, 5, 1)",150,0.3022419512271881,0.5307099819183351,0.08133730292320251,0.3710228800773621
"(7, 9, 7, 1)",150,0.2828858494758606,0.2128031700849533,0.0564388707280159,0.36040642857551575
"(7, 5, 5, 5, 7, 1)",150,0.283114492893219,0.34557831287384033,0.06265240162611008,0.3524855673313141
"(7, 6, 7, 6, 1)",152,0.28286030888557434,0.20277799665927887,0.06513174623250961,0.371454656124115
"(7, 8, 5, 6, 1)",152,0.2787143290042877,0.3166691064834595,0.06503143906593323,0.363047868013382
"(7, 7, 6, 6, 1)",153,0.2709104120731354,0.3873886466026306,0.09518089890480043,0.352410227060318
"(7, 10, 6, 1)",153,0.28521862626075745,0.250547856092453,0.07204026728868483,0.3686661422252655
"(7, 6, 13, 1)",153,0.28710582852363586,0.2508256733417511,0.0669584721326828,0.3571780323982239
"(7, 5, 16, 1)",153,0.2896586358547211,0.4023926258087158,0.049390293657779694,0.3632913827896118
"(7, 7, 5, 8, 1)",153,0.301213800907135,0.25636565685272217,0.07190239429473877,0.3723519146442413
"(7, 6, 5, 10, 1)",154,0.2825480699539185,0.31321874260902405,0.05472173914313316,0.3710212707519531
"(7, 11, 5, 1)",154,0.2818378210067749,0.3789296448230744,0.05032496154308319,0.36704760789871216
"(7, 5, 6, 5, 6, 1)",154,0.29789215326309204,0.30326569080352783,0.04473232105374336,0.3609428405761719
"(7, 17, 1)",154,0.281015008687973,0.3709138631820679,0.05867869779467583,0.3744489252567291
"(7, 5, 5, 6, 6, 1)",155,0.2923015654087067,0.22988152503967285,0.049144186079502106,0.3750326633453369
"(7, 5, 5, 12, 1)",155,0.28822246193885803,0.3043189942836761,0.047091629356145866,0.3598117232322693
"(7, 5, 7, 8, 1)",155,0.2959077656269073,0.3124866485595703,0.060740895569324486,0.3871144652366638
"(7, 6, 6, 8, 1)",155,0.2897447347640991,0.33542340993881226,0.07464394718408585,0.3668889403343201
"(7, 6, 8, 5, 1)",155,0.2839265465736389,0.386040061712265,0.07149355858564377,0.3611067235469818
"(7, 8, 9, 1)",155,0.28307658433914185,0.3789490759372711,0.0551980659365654,0.3685289621353149
"(7, 6, 5, 5, 6, 1)",156,0.2858445346355438,0.4975258708000183,0.08381935209035872,0.3725693225860596
"(7, 7, 11, 1)",156,0.2934043705463409,0.3857212066650391,0.07618231326341629,0.3656294345855713
"(7, 5, 5, 5, 8, 1)",157,0.28787705302238464,0.4022833704948425,0.06297387182712555,0.3719170689582825
"(7, 5, 6, 10, 1)",157,0.2899573445320129,0.2410513609647751,0.0540764257311821,0.35698631405830383
"(7, 9, 5, 5, 1)",158,0.2853711247444153,0.8443371057510376,0.06050492078065872,0.3608835637569428
"(7, 5, 5, 7, 5, 1)",158,0.2930552363395691,0.3488796651363373,0.07176237553358078,0.3759140074253082
"(7, 7, 7, 5, 1)",158,0.28800860047340393,0.5739007592201233,0.07249394804239273,0.3750903606414795
"(7, 5, 7, 5, 5, 1)",158,0.2949137687683105,0.6068800091743469,0.05429214611649513,0.360137403011322
"(7, 8, 6, 5, 1)",159,0.2876065671443939,0.2472485601902008,0.05909518152475358,0.3610714375972748
"(7, 8, 5, 7, 1)",159,0.29205310344696045,0.2421148866415024,0.06277438998222351,0.35415321588516235
"(7, 5, 8, 7, 1)",159,0.31312352418899536,0.4927040934562683,0.05894845724105835,0.3771476447582245
"(7, 5, 6, 6, 5, 1)",159,0.3019787669181824,0.2345665842294693,0.0422317199409008,0.3804008066654205
"(7, 7, 5, 9, 1)",160,0.2802744805812836,0.2290531694889069,0.06047141551971436,0.3549619019031525
"(7, 6, 5, 6, 5, 1)",160,0.2977410852909088,0.3098670840263367,0.07467679679393767,0.3855859339237213
"(7, 5, 17, 1)",160,0.2899058759212494,0.18224836885929108,0.06115903332829475,0.35427117347717285
"(7, 6, 7, 7, 1)",161,0.284684956073761,0.34995871782302856,0.07386336475610733,0.3667977154254913
"(7, 5, 6, 5, 7, 1)",161,0.2924000322818756,0.202621266245842,0.07152405381202698,0.3690086305141449
"(7, 9, 8, 1)",161,0.2779160737991333,0.2280370444059372,0.06336773931980133,0.3655018508434296
"(7, 6, 6, 5, 5, 1)",161,0.2879596650600433,0.2572286128997803,0.0705653503537178,0.36012929677963257
"(7, 5, 9, 6, 1)",161,0.29322078824043274,0.2977047562599182,0.054126538336277015,0.38429379463195795
"(7, 6, 5, 11, 1)",161,0.2921402454376221,0.34521767497062683,0.0571100227534771,0.3770086169242859
"(7, 5, 10, 5, 1)",161,0.3049547076225281,0.2088068723678589,0.04927786067128182,0.3695120811462401
"(7, 7, 6, 7, 1)",161,0.285573273897171,0.4585505723953247,0.04138520359992981,0.38557326793670654
"(7, 6, 14, 1)",161,0.2918320596218109,0.3242193460464477,0.07697221636772156,0.3844809532165527
"(7, 7, 5, 5, 5, 1)",162,0.2825644314289093,0.2206979393959045,0.04974474757909775,0.3610920906066895
"(7, 5, 5, 13, 1)",162,0.2989453971385956,0.15837976336479187,0.0507434643805027,0.37341633439064026
"(7, 6, 5, 5, 7, 1)",163,0.3020492792129517,0.5193451046943665,0.08023573458194733,0.3907763659954071
"(7, 6, 6, 9, 1)",163,0.2797095775604248,0.5831725597381592,0.058256760239601135,0.35984089970588684
"(7, 5, 5, 6, 7, 1)",163,0.29500922560691833,0.15036143362522125,0.04996993392705917,0.3705600202083588
"(7, 18, 1)",163,0.2773943245410919,0.5711207985877991,0.04882805049419403,0.36360642313957214
"(7, 5, 5, 5, 9, 1)",164,0.29341012239456177,0.2636162340641022,0.07994905859231949,0.3798734545707703
"(7, 5, 7, 9, 1)",164,0.28559911251068115,0.3245290517807007,0.06244771555066109,0.37402310967445374
"(7, 8, 10, 1)",165,0.28845369815826416,0.2156984508037567,0.050506167113780975,0.3636883199214935
"(7, 7, 12, 1)",165,0.2805387079715729,0.1291530877351761,0.054712634533643716,0.3629757463932037
"(7, 10, 7, 1)",165,0.2689938545227051,0.3090372383594513,0.06787879019975662,0.3520670533180237
"(7, 5, 6, 11, 1)",165,0.2835541367530823,0.25598374009132385,0.07839421182870865,0.362339586019516
"(7, 9, 5, 6, 1)",165,0.2865527868270874,0.3148382902145386,0.0626017227768898,0.3661448657512665
"(7, 5, 7, 5, 6, 1)",165,0.2918242514133453,0.21566885709762573,0.06637167185544968,0.3765310943126679
"(7, 6, 8, 6, 1)",165,0.2960435152053833,0.6220975518226624,0.07008203119039537,0.3662486672401428
"(7, 5, 5, 5, 5, 5, 1)",166,0.2812034785747528,0.30550241470336914,0.05383012443780899,0.3537441194057465
"(7, 8, 5, 8, 1)",166,0.2885259687900543,0.29539021849632263,0.04805966466665268,0.3693932294845581
"(7, 7, 5, 10, 1)",167,0.2842593491077423,0.355977475643158,0.04529830813407898,0.3690406680107117
"(7, 7, 7, 6, 1)",167,0.2901378273963928,0.4171244204044342,0.0608220174908638,0.3707275092601776
"(7, 11, 6, 1)",167,0.2794901430606842,0.2949429452419281,0.0691099464893341,0.3570932447910309
"(7, 12, 5, 1)",167,0.2813168466091156,0.19826653599739075,0.046319805085659034,0.3618020117282867
"(7, 5, 18, 1)",167,0.29228076338768005,0.7789302468299866,0.04442287981510162,0.3621434271335602
"(7, 8, 6, 6, 1)",167,0.28680220246315,0.2437296956777573,0.071339912712574,0.3604614734649658
"(7, 5, 6, 6, 6, 1)",167,0.2955096364021301,0.20951661467552185,0.0422903336584568,0.3753502666950226
"(7, 5, 5, 7, 6, 1)",167,0.3003364205360413,0.43483424186706543,0.04567354917526245,0.3785671293735504
"(7, 6, 9, 5, 1)",167,0.27822110056877136,0.2797422707080841,0.06356506794691086,0.35771074891090393
"(7, 6, 5, 12, 1)",168,0.2850911915302277,0.2513240873813629,0.04991243407130242,0.37546467781066895
"(7, 6, 5, 6, 6, 1)",168,0.2884078621864319,0.4038907289505005,0.054769914597272866,0.3674606382846832
"(7, 6, 6, 5, 6, 1)",168,0.2937183976173401,0.41529446840286255,0.06481991708278656,0.3655402660369873
"(7, 5, 6, 5, 8, 1)",168,0.2850085198879242,0.5861303806304932,0.0742153525352478,0.3574022948741913
"(7, 5, 5, 8, 5, 1)",169,0.2983899414539337,0.1868506222963333,0.06797601282596588,0.375019371509552
"(7, 5, 8, 5, 5, 1)",169,0.2763968706130981,0.2395549416542053,0.07142055034637451,0.3526222407817841
"(7, 7, 6, 8, 1)",169,0.3039081394672394,0.21238461136817927,0.05672846361994744,0.3819483816623688
"(7, 7, 5, 5, 6, 1)",169,0.2804478108882904,0.19908520579338074,0.06091977283358574,0.3661269545555115
"(7, 6, 15, 1)",169,0.2947288453578949,0.42196258902549744,0.06283267587423325,0.37064656615257263
"(7, 5, 5, 14, 1)",169,0.2931465208530426,0.22324776649475095,0.04789505153894424,0.3463936746120453
"(7, 5, 8, 8, 1)",169,0.29123085737228394,0.3044408857822418,0.08979112654924393,0.34313255548477173
"(7, 6, 5, 5, 8, 1)",170,0.275188684463501,0.35503336787223816,0.07427883893251419,0.36618417501449585
"(7, 6, 7, 8, 1)",170,0.2746661603450775,0.325594425201416,0.057102784514427185,0.35215121507644653
